id,URI,Title,MenuTitle,languagesID,Changed,domainsID,templatesID,module_viewsID,Meta_Keywords,Meta_Description,Meta_Title,Exposure,Menu_Hide,HomePage,Sort_Order
14,/,Home DynDNS,Home,1,2009-05-13 00:00:00,1,0,1,,,,Public,No,Yes,0
195,/,Creative Web Logic Network,Home,1,2022-12-17 00:00:00,3,0,1,Creative Web Logic .Net,Creative Web Logic .Net,Creative Web Logic .Net,Public,No,Yes,0
99,/features/,CMS Features,Features,1,2009-09-17 00:00:00,2,0,1,,,Bubble CMS Features,Public,No,No,3
100,/seo-sites-network-using-CMS/,Site Networks Using CMS,Site Networks Using CMS,1,2009-09-17 00:00:00,2,0,1,"seo, seo networks, site networks, seo nets, example sites",Sites using bubble cms lite to create and manage seo networks,SEO Site Networks Using CMS,Public,No,No,2
85,/,Bubble CMS Lite,Home,1,2009-09-18 00:00:00,2,0,1,"cms, website management, web design, web development, content management",A lite easy to use content management system,Bubble CMS Lite - Administer Multiple Websites - Languages From A Single Management,Public,No,Yes,1
92,/news-item/New-Website/,New Website,,1,2009-06-05 00:00:00,1,0,31,,,New Website,Public,Yes,No,0
105,/Web-Design-Development/,Web Design / Development,Web Design / Development,1,2009-06-05 00:00:00,14,0,1,,,Web Design / Development,Public,No,No,1
98,/,Creative Web Logic,Home,1,2009-09-20 00:00:00,14,0,1,"Clarence, NSW, yamba, maclean, iluka, web design, web develeopment, seo, promotion",Creative Web Logic Develops A Range Of Web And Client Based Software Solutions,"Clarence, Yamba, Maclean, Grafton, Web Design Development Promotion",Public,No,Yes,0
101,/login/,Business Login,Login,1,0000-00-00 00:00:00,1,0,21,,,,Public,No,No,1
102,/business-registration/,Business Registration,Business Registration,1,0000-00-00 00:00:00,1,0,22,,,,Public,No,No,2
103,/business-categories/,Business Directory,Business Directory,1,0000-00-00 00:00:00,1,0,221,,,,Public,No,No,4
104,/,Business Home,none,1,0000-00-00 00:00:00,1,0,25,,,Yamba NSW,Both,Yes,No,0
106,/Promotion-and-Marketing/,Promotion and Marketing,Promotion and Marketing,1,2009-06-05 00:00:00,14,0,1,,,Promotion and Marketing,Public,No,No,2
142,/,Reduce Fuel Consumption,Home,1,2009-04-20 00:00:00,20,0,1,"Reduce Fuel Consumption, peak oil, car performance, vehicle performance, oil extender, environment",Reduce fuel consumption is dedicated to environmental concerns of reducing motor oil waste and reducing fuel consumption.,Reduce Fuel Consumption,Public,No,Yes,0
108,/,Home,Home,1,2009-04-16 00:00:00,15,0,1,,,Home,Public,No,Yes,0
192,/,Home of CPanel Hosting,Home,1,2009-09-20 00:00:00,34,0,1,"Home of CPanel Hosting, pay in Crypto Currency","Home of CPanel Hosting, pay in Crypto Currency",Crypto CPanel Hosting,Both,No,Yes,0
110,/,Website Design,Home,1,2009-04-17 00:00:00,16,0,1,,,Home,Public,No,Yes,0
112,/members/home/,Member Home,Home,1,2009-04-19 00:00:00,1,0,1,,,Member Home,Member,No,No,0
113,/members/user-details/,User Details,User Details,1,0000-00-00 00:00:00,1,0,222,,,,Member,No,No,1
114,/members/logout/,Logout,Logout,1,0000-00-00 00:00:00,1,0,223,,,,Member,No,No,3
115,/forgot-password/,Forgot Password,none,1,0000-00-00 00:00:00,1,0,224,,,,Public,Yes,No,0
116,/Registration-Complete/,Registration Complete,none,1,2009-05-12 00:00:00,1,0,1,,,Registration Complete,Public,Yes,No,0
130,/login/,Business Login,Login,1,0000-00-00 00:00:00,18,0,21,,,,Public,No,No,1
118,/login/,Business Login,Login,1,0000-00-00 00:00:00,17,0,21,,,,Public,No,No,1
119,/business-registration/,Business Registration,Business Registration,1,0000-00-00 00:00:00,17,0,22,,,,Public,No,No,2
120,/business-categories/,Business Directory,Business Directory,1,0000-00-00 00:00:00,17,0,221,,,,Public,No,No,4
129,/,Home,Home,1,2009-04-20 00:00:00,18,0,1,,,Home,Public,No,No,0
122,/members/home/,Member Home,Home,1,2009-04-19 00:00:00,17,0,1,,,Member Home,Member,No,No,0
123,/members/user-details/,User Details,User Details,1,0000-00-00 00:00:00,17,0,222,,,,Member,No,No,1
124,/members/logout/,Logout,Logout,1,0000-00-00 00:00:00,17,0,223,,,,Member,No,No,3
125,/forgot-password/,Forgot Password,none,1,0000-00-00 00:00:00,17,0,224,,,,Public,Yes,No,0
126,/Registration-Complete/,Registration Complete,none,1,2009-04-19 00:00:00,17,0,1,,,"Registration Complete",Public,Yes,No,0
127,/,Australian Business Directory,Home,1,2009-04-20 00:00:00,17,0,1,,,"Australian Business Directory",Public,No,Yes,0
131,/business-registration/,Business Registration,Business Registration,1,0000-00-00 00:00:00,18,0,22,,,,Public,No,No,2
132,/business-categories/,Business Directory,Business Directory,1,0000-00-00 00:00:00,18,0,221,,,,Public,No,No,4
133,/members/home/,Member Home,Home,1,2009-04-19 00:00:00,18,0,1,,,Member Home,Member,No,No,0
134,/members/user-details/,User Details,User Details,1,0000-00-00 00:00:00,18,0,222,,,,Member,No,No,1
135,/members/logout/,Logout,Logout,1,0000-00-00 00:00:00,18,0,223,,,,Member,No,No,3
136,/forgot-password/,Forgot Password,none,1,0000-00-00 00:00:00,18,0,224,,,,Public,Yes,No,0
137,/Registration-Complete/,Registration Complete,none,1,2009-04-19 00:00:00,18,0,1,,,"Registration Complete",Public,Yes,No,0
138,/,Member Home,none,1,0000-00-00 00:00:00,17,0,25,,,,Both,No,No,0
139,/,Member Home,none,1,0000-00-00 00:00:00,18,0,25,,,,Both,No,No,0
140,/,Multiple Website CMS,Home,1,2009-04-20 00:00:00,19,0,1,"multiple website cms, multiple language cms, manage websites, content management system",Manage multiple websites in multiple languages from a single administration,Multiple Website CMS - Multiple Language CMS,Public,No,Yes,0
141,/Project-Managed-Process/,Project Managed Process,Project Managed Process,1,2009-04-20 00:00:00,19,0,1,"project managed, process flow, cms development",We use a proven and simple methodology for the development of our software .,Professional Standardized Project Managed Process ,Public,No,No,0
143,/Sydney/,Sydney,Sydney,1,2009-04-20 00:00:00,16,0,1,,,Sydney,Public,No,No,0
144,/,Welcome to Ozzy Website Development,Welcome to Ozzy Website Development,1,2009-04-21 00:00:00,21,0,1,Welcome to Ozzy Website Development,Welcome to Ozzy Website Development,Welcome to Ozzy Website Development,Public,No,Yes,0
145,/Sydney-Website-Development/,Sydney Website Development,Sydney Website Development,1,2009-06-09 00:00:00,22,0,1,Sydney Website Development,Sydney Website Development,Sydney Website Development,Public,No,No,0
146,/,Internet Website Design Development,Home,1,2009-04-25 00:00:00,23,0,1,"cms, multiple website cms, single administration cms, seo site networks","Bubble CMS Lite is able to manage multiple languages on multiple websites from a single administration, on search engine friendly site networks. ",Multiple Website CMS,Public,No,Yes,0
149,/,Grafton NSW Business Network,Home,1,2009-05-15 00:00:00,24,0,1,"grafton, nsw, directory, business",Grafton NSW is a business network is to promote business in grafton and the clarence valley,Grafton NSW Business Network,Public,No,Yes,14
150,/,Maclean NSW Business Network,Home,1,2009-09-23 00:00:00,25,0,1,"sydney, nsw, directory, business","Sydney NSW is the town in australia, this business network is to promote business in Sydney",Maclean NSW Business Network,Public,No,Yes,0
153,/login/,Business Login,Login,1,2009-05-15 00:00:00,24,0,21,,,,Public,No,No,1
154,/business-registration/,Business Registration,Business Registration,1,2009-05-15 00:00:00,24,0,22,,,,Public,No,No,2
155,/business-categories/,Business Directory,Business Directory,1,2009-05-15 00:00:00,24,0,221,,,,Public,No,No,4
156,/members/user-details/,User Details,User Details,1,2009-05-15 00:00:00,24,0,222,,,,Member,No,No,1
157,/members/logout/,Logout,Logout,1,2009-05-15 00:00:00,24,0,223,,,,Member,No,No,3
158,/forgot-password/,Forgot Password,none,1,2009-05-15 00:00:00,24,0,224,,,,Public,Yes,No,0
159,/,Business Home,Home,1,2009-05-15 00:00:00,24,0,25,,,Member Home,Both,Yes,No,0
160,/login/,Business Login,Login,1,2009-05-15 00:00:00,25,0,21,,,,Public,No,No,1
161,/business-registration/,Business Registration,Business Registration,1,2009-05-15 00:00:00,25,0,22,,,,Public,No,No,2
162,/business-categories/,Business Directory,Business Directory,1,2009-05-15 00:00:00,25,0,221,,,,Public,No,No,4
163,/members/user-details/,User Details,User Details,1,2009-05-15 00:00:00,25,0,222,,,,Member,No,No,1
164,/members/logout/,Logout,Logout,1,2009-05-15 00:00:00,25,0,223,,,,Member,No,No,3
165,/forgot-password/,Forgot Password,none,1,2009-05-15 00:00:00,25,0,224,,,,Public,Yes,No,0
166,/,Business Home,Home,1,2009-05-15 00:00:00,25,0,25,,,Member Home,Public,No,No,0
168,/,Yamba Web Design Development,Home,1,2009-05-15 00:00:00,26,0,1,"search engine optimization, internet marketing, website development, website design, web development, web design",Yamba web design and development is designed to meet the needs of local business in entering or updating the internet arena.,Yamba Web Design Development,Public,No,Yes,0
169,/news-item/Launch-Of-Business-Networks/,Launch Of Business Networks,,1,2009-05-15 00:00:00,26,0,31,,,Launch Of Business Networks,Public,Yes,No,0
170,/,Welcome To Unique Jewelry Network,Home,1,2009-05-15 00:00:00,28,0,1,,,Welcome To Unique Jewelry Network,Public,No,Yes,0
171,/Internet-Marketing/,Internet Marketing,Internet Marketing,1,2009-05-16 00:00:00,26,0,1,"internet marketing, search engine optimization, seo, sem, search engine marketing, social media, adwords management",Internet Marketing is as important for your business as regular advertising is important,Internet Marketing - Search Engine Optimization,Public,No,No,1
172,/, Gold Coast Website Design Development & Promotion,Home,1,2009-06-04 00:00:00,29,0,1,"i web biz, iwebbiz, Website Design, Website Development, Web site promotion, Internet Marketing, Search Engine Marketing, Software Development, Application Development, Graphic design, Flash animation, Search engine optimisation,  Brisbane, Melbourne,  Sy",Gold Coast Website Design Development Search Engine Marketing Promotion Software Development - Brisbane Sydney Melbourne,Gold Coast Website Design Development & Promotion,Public,No,Yes,1
173,/Project-Management-Services/,Project Management Services,Project Management Services,1,2009-06-05 00:00:00,29,0,1,,,Project Management Services,Public,No,No,3
174,/Nuflow-Tech-reline-repair-renew/,"Nuflow Tech, reline, repair, renew","Nuflow Tech, reline, repair, renew",1,2009-06-05 00:00:00,29,0,1,"cured in place pipe, pipe lining, trechless sewer repair, leak repair, queensland plumbing, qld, plumbing, plumber, pipe, repipe, re pipe, reline, renew, repair, cctv, camera, sewerage, mainline, cracked, broken, blockage, chokes, water, potable, sewer, s","Nu Flow Tech, Specialises in trenchless technolgy, Plumbling, Reline, Repipe, Renew.","Nuflow Tech, reline, repair, renew",Public,No,No,2
175,/Complete-Projects/,Complete Projects,Complete Projects,1,2009-06-05 00:00:00,29,0,1,"i web biz, iwebbiz, Website Design, Website, digital blitz,gold coast, Development, Web site promotion, Internet Marketing, Search Engine Marketing, Software Development, Application Development, Graphic design, Flash animation, Search engine optimisation",description,Complete Projects,Public,No,No,4
183,/Livestock-Exporters/,Livestock Exporters,Livestock Exporters,1,2009-06-21 00:00:00,29,0,1,livestock exporters,livestock exporters,Livestock Exporters,Public,No,No,0
177,/Completed-Projects/,Completed Projects,Completed Projects,1,2009-06-05 00:00:00,14,0,1,,,Completed Projects,Public,No,No,5
178,/Application-Sofware-Development/,Application Sofware Development,Application Sofware Development,1,2009-06-05 00:00:00,14,0,1,,,Application Sofware,Public,No,No,4
179,/Contact-Us/,Contact Us,Contact Us,1,2009-06-05 00:00:00,14,0,1,,,Contact Us,Public,No,No,6
180,/news-item/Launch-Of-Locality-Based-Directories/,Launch Of Locality Based Directories,,1,2009-06-05 00:00:00,14,0,31,,,Launch Of Locality Based Directories,Public,Yes,No,0
181,/Risk-Management-&-Compliance-software/,Risk Management & Compliance software,Risk & Compliance software,1,2009-06-08 00:00:00,29,0,1,"risk software, risk management software","risk software, risk register, risk matrix, erm","risk software, risk management software",Public,No,No,5
182,/,Home,Home,1,2009-07-03 00:00:00,22,0,1,,,Home,Public,No,Yes,0
184,/,Home,Home,1,2009-08-21 00:00:00,31,0,1,,,Home,Public,No,Yes,0
185,/,Home,Home,1,2009-09-17 00:00:00,30,0,1,"Multi User, Multi Website, Multi Language, Lite CMS, Easy To Use CMS, Website Hosting",Bubble CMS Lite is a powerfull yet simple to use content management System Website Hosting,Multi User Multi Website Multi Language Lite CMS Website Hosting,Public,No,Yes,0
186,/Links/,Links,Links,1,2009-09-17 00:00:00,14,0,1,,,Links,Public,No,No,7
187,/Features/,"Features, Website Hosting","Features, Website Hosting",1,2009-09-17 00:00:00,30,0,1,Website Hosting,Website Hosting,"Features, Website Hosting",Public,No,No,1
188,/contact-form/,Contact Form,Contact,1,0000-00-00 00:00:00,2,0,5551,,,Contact Form,Both,No,No,6
189,/Custom-Development/,Custom Development,Custom Development,1,2009-09-17 00:00:00,2,0,1,"Custom Development, Website Development, Website Design, User Interface Design",,Custom Development,Public,No,Yes,4
190,/,Home,Home,1,2009-09-19 00:00:00,32,0,1,,,Home,Public,No,Yes,0
191,/tiling-costs/,tiling costs,tiling costs,1,2009-09-19 00:00:00,32,0,1,,,tiling costs,Public,No,No,0
196,/,"We have been developing for over 30 years and just one of my abilities, designing dynamic, SEO frien",Home,0,0000-00-00 00:00:00,0,0,0,"We have been developing for over 30 years and just one of my abilities, designing dynamic, SEO friendly websites.","We have been developing for over 30 years and just one of my abilities, designing dynamic, SEO friendly websites.","We have been developing for over 30 years and just one of my abilities, designing dynamic, SEO friendly websites.",Public,No,Yes,0
201,/,Easy to setup and use => Bubble CMS Lite,Easy CMS,1,2022-08-15 00:00:00,35,0,1,Easy to setup and use => Bubble CMS Lite,Easy to setup and use => Bubble CMS Lite,Easy to setup and use => Bubble CMS Lite,Both,No,Yes,0
200,/,SEO Friendly CMS Software,Home,1,2022-08-15 00:00:00,33,0,1,"We have been developing for over 30 years and just one of my abilities, designing dynamic, SEO friendly websites.","We have been developing for over 30 years and just one of my abilities, designing dynamic, SEO friendly websites.",SEO Friendly CMS Software.,Public,No,Yes,0
202,/,Home Server,Home Server,1,2022-08-15 00:00:00,4,0,1,Home Server,Home Server,Home Server,Both,No,Yes,0
205,/,Free SSL Certificates,Home,1,2022-09-01 00:00:00,10,1,1,Free SSL Certificates,Free SSL Certificates,Free SSL Certificates,Both,No,Yes,0
204,/cpanel-hosting-cheap/,Hosting,Hosting,1,2022-09-01 00:00:00,30,1,1,"CPanel, Hosting, Custom Code, Free Website Creator, Free Sub Domain, ","CPanel, Hosting, Custom Code, Free Website Creator, Free Sub Domain, Use own private domain name, Cheap hosting.",CPanel Hosting,Both,No,No,0
325,/,Business Builder Directory,Home,1,2022-12-08 00:00:00,58,0,1,,,,Public,No,Yes,0
326,/,CWLNet,Home,1,2022-12-09 00:00:00,1505,0,1,,,,Public,No,Yes,0
207,/services/,Services,Services,1,2022-10-19 00:00:00,31,0,1,,,Website Design Development,Both,No,No,0
214,/company/,Company,Company,1,2022-11-07 00:00:00,31,0,1,,,,Public,No,No,0
208,/network/,Network,Network,1,2022-12-13 00:00:00,3,0,1,,,Portfolio,Both,No,No,8
209,/,Sydney Tutoring,Home,1,2022-10-26 00:00:00,57,0,1,,,,Public,No,Yes,0
213,/contact/,Contact US,Contact,1,2022-12-13 00:00:00,3,0,1,,,,Public,No,No,10
210,/web-design-development/,Web Design / Development,Design/Development,1,2022-12-13 00:00:00,3,0,1,,,,Public,No,No,2
211,/promotion-marketing/,Promotion and Marketing,Promotion/Marketing,1,2022-12-13 00:00:00,3,0,1,,,,Public,No,No,3
212,/application-software-development/,Application Software Development,Application Development,1,2022-12-13 00:00:00,3,0,1,,,,Public,No,No,4
215,/contact-us/,Contact Us,Contact,1,2022-11-07 00:00:00,31,0,1,,,,Public,No,No,10
216,/,Install Bubble CMS,Install,1,2022-11-17 00:00:00,59,0,601,,,,Public,No,Yes,0
217,/404/,404 Error - Page Not Found,none,1,2022-11-23 00:00:00,0,0,801,,,404 Error Page - File Not Found,Both,Yes,No,0
222,/site_map.xml,Site Map,none,1,2022-11-01 00:00:00,0,22,41,,,,Public,Yes,No,0
218,/robots.txt,,,1,2022-08-18 00:00:00,0,5,1,,,,Public,Yes,No,0
219,/favicon.ico,,,1,2022-08-18 00:00:00,0,5,1,,,,Both,Yes,No,0
223,/step-2/,Install BCMSD Step 2,Step 2,1,2022-11-23 00:00:00,59,0,602,,,Install BCMSD Step 2,Public,Yes,No,0
224,/,Home,Home,1,2022-12-06 00:00:00,50,0,1,,,Home,Both,No,Yes,0
225,/contact/,Contact,Contact,1,2022-12-06 00:00:00,50,0,1,,,Contact,Both,No,No,0
226,/,Business Directory,Home,1,2022-12-07 00:00:00,667,0,1,,,,Public,No,Yes,0
305,/,"Sydney Gardening, Contracting and Mowing",Home,1,2022-12-13 00:00:00,303,0,1,"Sydney, Gardening, Mowing, Glenn Broughton's, Contracting, specialise, Mowing, Services, Competitive,  Professional, Guaranteed","Sydney Gardening and Mowing. Welcome to Glenn Broughton's Landscaping, Contracting & Gardening. We specialise in All aspects of Mowing Services and Gardening work. We Always have Very Competitive Prices and Quotes. We Provide a Professio","Sydney Gardening, Contracting and Mowing",Public,No,Yes,-1
306,/gardening-mowing-our-work/,Our Work,Our Work,1,2022-10-13 00:00:00,303,0,1,"Gardening, Mowing, general, out door, contracting, Shrub trimming, Garden contract make overs, Debris Clean-ups, Mulching and Shredding, Tree lopping, Tree pruning, Hedging, Whipper Snipping","Our work on the job is Gardening, Mowing and general out door contracting. Our services include: Shrub trimming Garden contract make overs Debris Clean-ups Mulching and Shredding Tree lopping Tree pruning Hedging Whipper Snipping","Sydney Gardening, Contracting and Mowing - Our Work",Public,No,No,2
307,/sydney-gardening-contracting-mowing-work-portfolio/,Sydney Gardening Contracting Mowing - Work Portfolio,Portfolio,1,2022-10-13 00:00:00,303,0,1,"gardening, contracting, mowing, whipper snipping, edging, debris, tree, pruning, shaping",Our previous engagements give you an idea of the quality and efficiency we have on the job.,Sydney Gardening Contracting Mowing - Work Portfolio,Public,No,No,0
308,/sydney-mowing-gardening-services/,"Sydney Gardening, Contracting, Mowing  Services",Our Services,1,2022-11-06 00:00:00,303,0,1,"Garden, Services, Maintenance, Sydney, General, garden, professional care, Glenns Gardening, Contracting & Mowing Sydney, service, residential, commercial properties, management,	Gutter Cleaning Sydney, experienced, property, maintenance, environment","Garden Services Maintenance Sydney General When your garden is out of control and in need of professional care, Glenn?s Gardening, Contracting & Landscaping Sydney, is the service you can rely on. We provide a full service for residential/commercial","Sydney Gardening, Contracting, Mowing  Services",Public,No,No,0
309,/sydney-gardening-contracting-mowing-about-us/,Sydney Gardening Contracting Mowing - About Us,About Us,1,2022-12-07 00:00:00,303,0,1,"Sydney's, Gardening, Contracting,Mowing ,Established, Sydney, professional, company, offering, contracting, garden, installation, maintenance, lawn mowing, services, Upper, Lower, North Shore, Contracting, attention, detail, honest, work, ethic, abi","Sydney's #1 in Gardening,Contracting & MowingEstablished for over 36 years, Gardening, Landscaping Sydney is a professional company offering contracting, garden installation, maintenance and lawn mowing services for Sydney's Upper and Lower North",Sydney Gardening Contracting Mowing - About Us,Public,No,No,1
310,/sydney-gardening-contracting-mowing-contact/,Sydney Mowing Gardening Contracting - Contact Us,Contact,1,2022-12-07 00:00:00,303,0,1,"Contact, Glenn, Broughton's, email, phone",Contact UsContact Glenn Broughton's at:-Phone: 0421664025Email: glenn@sydneygardening.info,Sydney Mowing Gardening Contracting - Contact Us,Public,No,No,10
311,/,Your Business Page,Home,1,2022-12-08 00:00:00,51,0,1,,,,Public,No,Yes,0
323,/,Creative Web Logic Info,Home,1,2022-11-07 00:00:00,301,0,1,,,,Public,No,Yes,0
324,/Services/,Services,Services,1,2022-11-07 00:00:00,301,0,1,,,,Public,No,No,0
331,/hosting/,Hosting,Hosting,1,2022-12-14 00:00:00,3,0,1,,,Hosting,Both,No,No,11
327,/contact/,Contact,Contact,1,2022-12-09 00:00:00,1505,0,1,,,Contact,Both,No,No,0
328,/,Home,Home,1,2022-12-12 00:00:00,1506,0,1,,,Home,Both,No,Yes,0
329,/,Home,Home,1,2022-12-13 00:00:00,1555,0,1,,,Home,Both,No,Yes,1
330,/,CWLNet,Home,1,2022-12-13 00:00:00,1557,0,1,,,CWLNet,Both,No,Yes,1
332,/,Home,Home,1,2022-12-17 00:00:00,1560,0,1,,,Home,Both,No,Yes,0
333,/,Website Designer,Home,1,2023-01-03 00:00:00,2,0,1,,,,Both,No,Yes,0
334,/,Home,Home,1,2023-01-03 00:00:00,1564,0,1,,,Home,Both,No,Yes,0
335,/,Home,Home,1,2023-01-11 00:00:00,1565,0,1,,,,Public,No,Yes,0
336,/,/,/,1,2023-01-12 00:00:00,1566,0,1,,,/,Both,No,Yes,0
337,/,Hosting,Home,1,2023-01-17 00:00:00,1567,0,1,,,,Public,No,Yes,0
338,/,/,/,1,2023-01-16 00:00:00,1569,0,1,,,/,Both,No,Yes,0
339,/step-3/,BCMS Install Step 3,,1,2023-01-18 00:00:00,59,0,603,,,,Public,Yes,No,0
340,/step-4/,BCMS Install Step 4,,1,2023-01-18 00:00:00,59,0,604,,,,Public,Yes,No,0
341,/,New Website,Home,1,2023-01-17 22:29:57,1571,0,1,,,,Both,No,Yes,0
342,/,New Website,Home,1,2023-01-17 22:45:00,1572,0,1,,,,Both,No,Yes,0
343,/,New Website,Home,1,2023-01-17 22:48:24,1573,0,1,,,,Both,No,Yes,0
344,/,New Website,Home,1,2023-02-07 01:18:51,1574,0,1,,,,Both,No,Yes,0
345,/,New Website,Home,1,2023-02-08 00:50:46,1576,0,1,,,,Both,No,Yes,0
346,/,New Website,Home,1,2023-02-14 21:54:40,1577,0,1,,,,Both,No,Yes,0
347,/,New Website,Home,1,2023-02-15 23:17:23,1578,0,1,,,,Both,No,Yes,0
